fiscal_year,all_cases,closed_cases,pct_all_cases_closed,meritorious_cases,pct_closed_cases_meritorious,relief_cases,pct_closed_cases_relief,monetary_benefits_cases,pct_closed_cases_monetary_benefits
FY2010,104514,72894,0.6974568000459269,885,0.012140916947896947,13372,0.1834444535901446,1008,0.013828298625401268
FY2011,146123,145116,0.9931085455404008,4369,0.030106948923619724,26591,0.18323961520438822,19414,0.13378262906915847
FY2012,146294,142801,0.9761234226967613,3411,0.02388638735022864,24993,0.17501978277463043,18254,0.1278282364969433
FY2013,139852,137169,0.9808154334582273,2888,0.02105431985361124,24071,0.17548425664691,17451,0.1272226231874549
FY2014,134106,128130,0.955438235425708,2414,0.018840240380863186,22570,0.17614922344493875,16440,0.12830718801217514
FY2015,130871,111254,0.85010430118208,1478,0.013284915598540278,20639,0.18551243101371637,15316,0.13766696028906825
FY2016,132519,117586,0.8873142719157253,1482,0.012603541237902471,19850,0.16881261374653445,14880,0.12654567720647017
FY2017,122824,73818,0.601006317983456,327,0.004429813866536617,12290,0.16649055785851688,9406,0.12742149611205938
